Date,Income,Category,Budget,Amount,Property,Monthly Overview,Type
"January 6, 2026",DF cost,On duty,THB 420.00,THB 420.00,Yes,January 26 (https://app.notion.com/p/January-26-2c90423c142680648023f35f261f33f3?pvs=21),🤷‍♂️เงิน DF_JAN26 (https://app.notion.com/p/DF_JAN26-2c90423c142680a18a26c4bafad3b04e?pvs=21)
"January 6, 2026",Hour cost,On duty,THB 600.00,THB 600.00,Yes,January 26 (https://app.notion.com/p/January-26-2c90423c142680648023f35f261f33f3?pvs=21),⌚เงินรายชั่วโมง_JAN26 (https://app.notion.com/p/_JAN26-2c90423c142680cd9593f9222b4fbfac?pvs=21)
"January 6, 2026",ซื้อ ปกส. นอกเวลา 4ชั่วโมง,Top up,"THB 1,000.00","THB 1,000.00",Yes,January 26 (https://app.notion.com/p/January-26-2c90423c142680648023f35f261f33f3?pvs=21),👍🏼เงิน top up_JAN26 (https://app.notion.com/p/top-up_JAN26-2c90423c142680c9afa5eb28e34ed64b?pvs=21)
"January 14, 2026",DF cost,On duty,THB 270.00,THB 270.00,Yes,January 26 (https://app.notion.com/p/January-26-2c90423c142680648023f35f261f33f3?pvs=21),🤷‍♂️เงิน DF_JAN26 (https://app.notion.com/p/DF_JAN26-2c90423c142680a18a26c4bafad3b04e?pvs=21)
"January 14, 2026",Hour cost,On duty,THB 600.00,THB 600.00,Yes,January 26 (https://app.notion.com/p/January-26-2c90423c142680648023f35f261f33f3?pvs=21),⌚เงินรายชั่วโมง_JAN26 (https://app.notion.com/p/_JAN26-2c90423c142680cd9593f9222b4fbfac?pvs=21)
"January 14, 2026",ซื้อ ปกส. นอกเวลา 4ชั่วโมง,Top up,"THB 1,000.00","THB 1,000.00",Yes,January 26 (https://app.notion.com/p/January-26-2c90423c142680648023f35f261f33f3?pvs=21),👍🏼เงิน top up_JAN26 (https://app.notion.com/p/top-up_JAN26-2c90423c142680c9afa5eb28e34ed64b?pvs=21)
"January 20, 2026",เวรเหมา 1หมื่น,On duty,"THB 10,000.00","THB 10,000.00",Yes,December 25 (https://app.notion.com/p/December-25-1680423c1426803f85ceedf0b2210a9c?pvs=21),👝เงินเวรเหมา_DEC25 (https://app.notion.com/p/_DEC25-1680423c142680a494f3f4df438c5ebf?pvs=21)
"January 26, 2026",เงินเดือน + เงินประจำตำแหน่ง,Salary,"THB 27,720.00","THB 27,720.00",Yes,January 26 (https://app.notion.com/p/January-26-2c90423c142680648023f35f261f33f3?pvs=21),🏧เงินเดือนจาก สสจ._JAN26 (https://app.notion.com/p/_JAN26-2c90423c1426802893aec969d4ab67c6?pvs=21)
"February 5, 2026",DF cost,On duty,THB 330.00,THB 360.00,Yes,February 26 (https://app.notion.com/p/February-26-2c90423c142680cbb553dba809feb098?pvs=21),🤷‍♂️เงิน DF_FEB26 (https://app.notion.com/p/DF_FEB26-2c90423c14268012b180ef4b79ef8ab7?pvs=21)
"February 5, 2026",Hour cost,On duty,THB 600.00,THB 600.00,Yes,February 26 (https://app.notion.com/p/February-26-2c90423c142680cbb553dba809feb098?pvs=21),⌚เงินรายชั่วโมง_FEB26 (https://app.notion.com/p/_FEB26-2c90423c142680d58c31f0c94b369270?pvs=21)
"February 5, 2026",ซื้อ ปกส. นอกเวลา 4ชั่วโมง,Top up,"THB 1,000.00","THB 1,000.00",Yes,February 26 (https://app.notion.com/p/February-26-2c90423c142680cbb553dba809feb098?pvs=21),👍🏼เงิน top up_FEB26 (https://app.notion.com/p/top-up_FEB26-2c90423c142680b3b652e955ac17d77b?pvs=21)
"February 8, 2026",ซื้อ TTCM,On duty,"THB 1,000.00",THB 990.00,Yes,February 26 (https://app.notion.com/p/February-26-2c90423c142680cbb553dba809feb098?pvs=21),💉TTCM_FEB26 (https://app.notion.com/p/TTCM_FEB26-2c90423c142680e18647eff56b348c72?pvs=21)
"February 20, 2026",เวรเหมา 1หมื่น,On duty,"THB 10,000.00","THB 10,000.00",Yes,January 26 (https://app.notion.com/p/January-26-2c90423c142680648023f35f261f33f3?pvs=21),👝เงินเวรเหมา_JAN26 (https://app.notion.com/p/_JAN26-2c90423c1426800eb1caef4b3db95e51?pvs=21)
"February 23, 2026",Hour cost,On duty,THB 600.00,THB 600.00,Yes,February 26 (https://app.notion.com/p/February-26-2c90423c142680cbb553dba809feb098?pvs=21),⌚เงินรายชั่วโมง_FEB26 (https://app.notion.com/p/_FEB26-2c90423c142680d58c31f0c94b369270?pvs=21)
"February 23, 2026",DF cost,On duty,THB 480.00,THB 480.00,Yes,February 26 (https://app.notion.com/p/February-26-2c90423c142680cbb553dba809feb098?pvs=21),🤷‍♂️เงิน DF_FEB26 (https://app.notion.com/p/DF_FEB26-2c90423c14268012b180ef4b79ef8ab7?pvs=21)
"February 23, 2026",ซื้อ ปกส. นอกเวลา 4ชั่วโมง,Top up,"THB 1,000.00","THB 1,000.00",Yes,February 26 (https://app.notion.com/p/February-26-2c90423c142680cbb553dba809feb098?pvs=21),👍🏼เงิน top up_FEB26 (https://app.notion.com/p/top-up_FEB26-2c90423c142680b3b652e955ac17d77b?pvs=21)
"February 26, 2026",เงินเดือน + เงินประจำตำแหน่ง,Salary,"THB 27,720.00","THB 27,700.00",Yes,February 26 (https://app.notion.com/p/February-26-2c90423c142680cbb553dba809feb098?pvs=21),🏧เงินเดือนจาก สสจ._FEB26 (https://app.notion.com/p/_FEB26-2c90423c14268040af84e87d0fa3e4f7?pvs=21)
"February 28, 2026",Hour cost,On duty,"THB 1,200.00","THB 1,200.00",Yes,February 26 (https://app.notion.com/p/February-26-2c90423c142680cbb553dba809feb098?pvs=21),⌚เงินรายชั่วโมง_FEB26 (https://app.notion.com/p/_FEB26-2c90423c142680d58c31f0c94b369270?pvs=21)
"February 28, 2026",DF cost,On duty,THB 660.00,THB 660.00,Yes,February 26 (https://app.notion.com/p/February-26-2c90423c142680cbb553dba809feb098?pvs=21),🤷‍♂️เงิน DF_FEB26 (https://app.notion.com/p/DF_FEB26-2c90423c14268012b180ef4b79ef8ab7?pvs=21)
"February 28, 2026",ซื้อ ปกส. นอกเวลา 8ชั่วโมง,Top up,"THB 2,500.00","THB 2,500.00",Yes,February 26 (https://app.notion.com/p/February-26-2c90423c142680cbb553dba809feb098?pvs=21),👍🏼เงิน top up_FEB26 (https://app.notion.com/p/top-up_FEB26-2c90423c142680b3b652e955ac17d77b?pvs=21)
"March 14, 2026",ซื้อ TTCM,On duty,"THB 1,000.00",THB 990.00,Yes,March 26 (https://app.notion.com/p/March-26-2c90423c14268093a5d1d99ea2798193?pvs=21),💉TTCM_MAR26 (https://app.notion.com/p/TTCM_MAR26-2c90423c14268038a86cecab11a97902?pvs=21)
"March 17, 2026",DF cost,On duty,THB 330.00,THB 330.00,Yes,March 26 (https://app.notion.com/p/March-26-2c90423c14268093a5d1d99ea2798193?pvs=21),🤷‍♂️เงิน DF_MAR26 (https://app.notion.com/p/DF_MAR26-2c90423c142680249705dcefccc5d75b?pvs=21)
"March 17, 2026",Hour cost,On duty,THB 600.00,THB 600.00,Yes,March 26 (https://app.notion.com/p/March-26-2c90423c14268093a5d1d99ea2798193?pvs=21),⌚เงินรายชั่วโมง_MAR26 (https://app.notion.com/p/_MAR26-2c90423c142680178fbbcbfabcb5816d?pvs=21)
"March 17, 2026",ซื้อ ปกส. นอกเวลา 4ชั่วโมง,Top up,"THB 1,000.00","THB 1,000.00",Yes,March 26 (https://app.notion.com/p/March-26-2c90423c14268093a5d1d99ea2798193?pvs=21),👍🏼เงิน top up_MAR26 (https://app.notion.com/p/top-up_MAR26-2c90423c1426804a9804f215d09beb10?pvs=21)
"March 20, 2026",เวรเหมา 1หมื่น,On duty,"THB 10,000.00","THB 10,000.00",Yes,February 26 (https://app.notion.com/p/February-26-2c90423c142680cbb553dba809feb098?pvs=21),👝เงินเวรเหมา_FEB26 (https://app.notion.com/p/_FEB26-2c90423c142680d1a6dbfd1cbdf0519d?pvs=21)
"March 22, 2026",DF cost,On duty,THB 630.00,THB 630.00,Yes,March 26 (https://app.notion.com/p/March-26-2c90423c14268093a5d1d99ea2798193?pvs=21),🤷‍♂️เงิน DF_MAR26 (https://app.notion.com/p/DF_MAR26-2c90423c142680249705dcefccc5d75b?pvs=21)
"March 22, 2026",Hour cost,On duty,"THB 1,200.00","THB 1,200.00",Yes,March 26 (https://app.notion.com/p/March-26-2c90423c14268093a5d1d99ea2798193?pvs=21),⌚เงินรายชั่วโมง_MAR26 (https://app.notion.com/p/_MAR26-2c90423c142680178fbbcbfabcb5816d?pvs=21)
"March 22, 2026",ซื้อ ปกส. นอกเวลา 8ชั่วโมง,Top up,"THB 2,100.00","THB 2,100.00",Yes,March 26 (https://app.notion.com/p/March-26-2c90423c14268093a5d1d99ea2798193?pvs=21),👍🏼เงิน top up_MAR26 (https://app.notion.com/p/top-up_MAR26-2c90423c1426804a9804f215d09beb10?pvs=21)
"March 25, 2026",DF cost,On duty,THB 210.00,THB 210.00,Yes,March 26 (https://app.notion.com/p/March-26-2c90423c14268093a5d1d99ea2798193?pvs=21),🤷‍♂️เงิน DF_MAR26 (https://app.notion.com/p/DF_MAR26-2c90423c142680249705dcefccc5d75b?pvs=21)
"March 25, 2026",Hour cost,On duty,THB 600.00,THB 600.00,Yes,March 26 (https://app.notion.com/p/March-26-2c90423c14268093a5d1d99ea2798193?pvs=21),⌚เงินรายชั่วโมง_MAR26 (https://app.notion.com/p/_MAR26-2c90423c142680178fbbcbfabcb5816d?pvs=21)
"March 25, 2026",ซื้อ ปกส. นอกเวลา 4ชั่วโมง,Top up,"THB 1,000.00","THB 1,000.00",Yes,March 26 (https://app.notion.com/p/March-26-2c90423c14268093a5d1d99ea2798193?pvs=21),👍🏼เงิน top up_MAR26 (https://app.notion.com/p/top-up_MAR26-2c90423c1426804a9804f215d09beb10?pvs=21)
"March 26, 2026",เงินเดือน + เงินประจำตำแหน่ง,Salary,"THB 27,720.00","THB 27,720.00",Yes,March 26 (https://app.notion.com/p/March-26-2c90423c14268093a5d1d99ea2798193?pvs=21),🏧เงินเดือนจาก สสจ._MAR26 (https://app.notion.com/p/_MAR26-2c90423c14268099aea3c592585ea053?pvs=21)
"April 20, 2026",เวรเหมา 1หมื่น,On duty,"THB 10,000.00","THB 10,000.00",Yes,March 26 (https://app.notion.com/p/March-26-2c90423c14268093a5d1d99ea2798193?pvs=21),👝เงินเวรเหมา_MAR26 (https://app.notion.com/p/_MAR26-2c90423c1426804db03de34bf7fa6ff2?pvs=21)
"April 23, 2026",DF cost,On duty,THB 600.00,THB 600.00,Yes,April 26 (https://app.notion.com/p/April-26-2c90423c142680d49359cb3961872ebf?pvs=21),🤷‍♂️เงิน DF_APR26 (https://app.notion.com/p/DF_APR26-2c90423c142680848f22fa79eeaa9b09?pvs=21)
"April 23, 2026",Hour cost,On duty,THB 600.00,THB 600.00,Yes,April 26 (https://app.notion.com/p/April-26-2c90423c142680d49359cb3961872ebf?pvs=21),⌚เงินรายชั่วโมง_APR26 (https://app.notion.com/p/_APR26-2c90423c14268006a70bc9177235a495?pvs=21)
"April 23, 2026",ซื้อ ปกส. นอกเวลา 4ชั่วโมง,Top up,"THB 1,000.00","THB 1,000.00",Yes,April 26 (https://app.notion.com/p/April-26-2c90423c142680d49359cb3961872ebf?pvs=21),👍🏼เงิน top up_APR26 (https://app.notion.com/p/top-up_APR26-2c90423c1426805391bcff0b20adffde?pvs=21)
"April 24, 2026",DF cost,On duty,THB 630.00,THB 630.00,Yes,April 26 (https://app.notion.com/p/April-26-2c90423c142680d49359cb3961872ebf?pvs=21),🤷‍♂️เงิน DF_APR26 (https://app.notion.com/p/DF_APR26-2c90423c142680848f22fa79eeaa9b09?pvs=21)
"April 24, 2026",Hour cost,On duty,THB 600.00,THB 600.00,Yes,April 26 (https://app.notion.com/p/April-26-2c90423c142680d49359cb3961872ebf?pvs=21),⌚เงินรายชั่วโมง_APR26 (https://app.notion.com/p/_APR26-2c90423c14268006a70bc9177235a495?pvs=21)
"April 24, 2026",ซื้อ ปกส. นอกเวลา 4ชั่วโมง,Top up,"THB 1,000.00","THB 1,000.00",Yes,April 26 (https://app.notion.com/p/April-26-2c90423c142680d49359cb3961872ebf?pvs=21),👍🏼เงิน top up_APR26 (https://app.notion.com/p/top-up_APR26-2c90423c1426805391bcff0b20adffde?pvs=21)
"April 26, 2026",เงินเดือน + เงินประจำตำแหน่ง,Salary,"THB 27,720.00","THB 27,720.00",Yes,April 26 (https://app.notion.com/p/April-26-2c90423c142680d49359cb3961872ebf?pvs=21),🏧เงินเดือนจาก สสจ._APR26 (https://app.notion.com/p/_APR26-2c90423c142680888d22c538b74b39c6?pvs=21)
"April 28, 2026",DF cost,On duty,THB 420.00,THB 420.00,Yes,April 26 (https://app.notion.com/p/April-26-2c90423c142680d49359cb3961872ebf?pvs=21),🤷‍♂️เงิน DF_APR26 (https://app.notion.com/p/DF_APR26-2c90423c142680848f22fa79eeaa9b09?pvs=21)
"April 28, 2026",Hour cost,On duty,THB 600.00,THB 600.00,Yes,April 26 (https://app.notion.com/p/April-26-2c90423c142680d49359cb3961872ebf?pvs=21),⌚เงินรายชั่วโมง_APR26 (https://app.notion.com/p/_APR26-2c90423c14268006a70bc9177235a495?pvs=21)
"April 28, 2026",ซื้อ ปกส. นอกเวลา 4ชั่วโมง,Top up,"THB 1,000.00","THB 1,000.00",Yes,April 26 (https://app.notion.com/p/April-26-2c90423c142680d49359cb3961872ebf?pvs=21),👍🏼เงิน top up_APR26 (https://app.notion.com/p/top-up_APR26-2c90423c1426805391bcff0b20adffde?pvs=21)
"May 5, 2026",Credit เงินคืน,Extra,"THB 1,865.00","THB 1,865.00",Yes,May 26 (https://app.notion.com/p/May-26-2c90423c142680f38700e9cdb6025968?pvs=21),👍🏼เงิน top up_MAY26 (https://app.notion.com/p/top-up_MAY26-2c90423c142680c48bc8c88588b66afc?pvs=21)
"May 6, 2026",Hour cost,On duty,THB 600.00,THB 600.00,Yes,May 26 (https://app.notion.com/p/May-26-2c90423c142680f38700e9cdb6025968?pvs=21),⌚เงินรายชั่วโมง_MAY26 (https://app.notion.com/p/_MAY26-2c90423c1426805b8e51fe259f8b1e0e?pvs=21)
"May 6, 2026",DF cost,On duty,THB 330.00,THB 330.00,Yes,May 26 (https://app.notion.com/p/May-26-2c90423c142680f38700e9cdb6025968?pvs=21),🤷‍♂️เงิน DF_MAY26 (https://app.notion.com/p/DF_MAY26-2c90423c1426808aaeade40061a9e1c0?pvs=21)
"May 6, 2026",ซื้อ ปกส. นอกเวลา 4ชั่วโมง,Top up,"THB 1,000.00","THB 1,000.00",Yes,May 26 (https://app.notion.com/p/May-26-2c90423c142680f38700e9cdb6025968?pvs=21),👍🏼เงิน top up_MAY26 (https://app.notion.com/p/top-up_MAY26-2c90423c142680c48bc8c88588b66afc?pvs=21)
"May 9, 2026",ซื้อ TTCM,On duty,"THB 1,000.00",THB 990.00,Yes,May 26 (https://app.notion.com/p/May-26-2c90423c142680f38700e9cdb6025968?pvs=21),💉TTCM_MAY26 (https://app.notion.com/p/TTCM_MAY26-2c90423c14268088afc2ca858313012a?pvs=21)
"May 18, 2026",DF cost,On duty,THB 450.00,THB 450.00,Yes,May 26 (https://app.notion.com/p/May-26-2c90423c142680f38700e9cdb6025968?pvs=21),🤷‍♂️เงิน DF_MAY26 (https://app.notion.com/p/DF_MAY26-2c90423c1426808aaeade40061a9e1c0?pvs=21)
"May 18, 2026",Hour cost,On duty,THB 600.00,THB 600.00,No,May 26 (https://app.notion.com/p/May-26-2c90423c142680f38700e9cdb6025968?pvs=21),⌚เงินรายชั่วโมง_MAY26 (https://app.notion.com/p/_MAY26-2c90423c1426805b8e51fe259f8b1e0e?pvs=21)
"May 18, 2026",ซื้อ ปกส. นอกเวลา 4ชั่วโมง,Top up,"THB 1,000.00","THB 1,000.00",No,May 26 (https://app.notion.com/p/May-26-2c90423c142680f38700e9cdb6025968?pvs=21),👍🏼เงิน top up_MAY26 (https://app.notion.com/p/top-up_MAY26-2c90423c142680c48bc8c88588b66afc?pvs=21)
"May 26, 2026",เงินเดือน + เงินประจำตำแหน่ง,Salary,"THB 27,720.00","THB 27,720.00",Yes,May 26 (https://app.notion.com/p/May-26-2c90423c142680f38700e9cdb6025968?pvs=21),🏧เงินเดือนจาก สสจ._MAY26 (https://app.notion.com/p/_MAY26-2c90423c142680a3a942f848fad10b9f?pvs=21)
"June 1, 2026",DF cost,On duty,THB 510.00,THB 660.00,Yes,June 26 (https://app.notion.com/p/June-26-2c90423c14268068b18cda2e38aaa9d1?pvs=21),🤷‍♂️เงิน DF_JUN26 (https://app.notion.com/p/DF_JUN26-2c90423c14268081a278e575b46a6dd2?pvs=21)
"June 1, 2026",Hour cost,On duty,"THB 1,200.00","THB 1,200.00",Yes,June 26 (https://app.notion.com/p/June-26-2c90423c14268068b18cda2e38aaa9d1?pvs=21),⌚เงินรายชั่วโมง_JUN26 (https://app.notion.com/p/_JUN26-2c90423c1426807bb0abd65d1a80f443?pvs=21)
"June 1, 2026",ซื้อ ปกส. นอกเวลา 8ชั่วโมง,Top up,"THB 2,000.00","THB 2,000.00",Yes,June 26 (https://app.notion.com/p/June-26-2c90423c14268068b18cda2e38aaa9d1?pvs=21),👍🏼เงิน top up_JUN26 (https://app.notion.com/p/top-up_JUN26-2c90423c142680599e77d87a1448b73c?pvs=21)
"June 4, 2026",ซื้อ ปกส. นอกเวลา 4ชั่วโมง,Top up,"THB 1,000.00","THB 1,000.00",Yes,June 26 (https://app.notion.com/p/June-26-2c90423c14268068b18cda2e38aaa9d1?pvs=21),👍🏼เงิน top up_JUN26 (https://app.notion.com/p/top-up_JUN26-2c90423c142680599e77d87a1448b73c?pvs=21)
"June 4, 2026",DF cost,On duty,THB 510.00,THB 510.00,Yes,June 26 (https://app.notion.com/p/June-26-2c90423c14268068b18cda2e38aaa9d1?pvs=21),🤷‍♂️เงิน DF_JUN26 (https://app.notion.com/p/DF_JUN26-2c90423c14268081a278e575b46a6dd2?pvs=21)
"June 4, 2026",Hour cost,On duty,THB 600.00,THB 600.00,Yes,June 26 (https://app.notion.com/p/June-26-2c90423c14268068b18cda2e38aaa9d1?pvs=21),⌚เงินรายชั่วโมง_JUN26 (https://app.notion.com/p/_JUN26-2c90423c1426807bb0abd65d1a80f443?pvs=21)
"June 20, 2026",เวรเหมา 1หมื่น,On duty,"THB 10,000.00","THB 10,000.00",Yes,May 26 (https://app.notion.com/p/May-26-2c90423c142680f38700e9cdb6025968?pvs=21),
"June 26, 2026",เงินเดือน + เงินประจำตำแหน่ง,Salary,"THB 27,720.00","THB 27,720.00",Yes,June 26 (https://app.notion.com/p/June-26-2c90423c14268068b18cda2e38aaa9d1?pvs=21),🏧เงินเดือนจาก สสจ._JUN26 (https://app.notion.com/p/_JUN26-2c90423c142680979b30eb1b1a0cf37a?pvs=21)
"July 9, 2026",สมุดตรวจสุขภาพ,On duty,THB 350.00,,No,July 26 (https://app.notion.com/p/July-26-2c90423c142680d393b7f6a4171c0151?pvs=21),🤷‍♂️เงิน DF_JUL26 (https://app.notion.com/p/DF_JUL26-2c90423c142680398e52daac141b9295?pvs=21)
"July 14, 2026",สมุดตรวจสุขภาพ,On duty,THB 230.00,,No,July 26 (https://app.notion.com/p/July-26-2c90423c142680d393b7f6a4171c0151?pvs=21),🤷‍♂️เงิน DF_JUL26 (https://app.notion.com/p/DF_JUL26-2c90423c142680398e52daac141b9295?pvs=21)
"July 17, 2026",สมุดตรวจสุขภาพ,On duty,THB 100.00,,No,July 26 (https://app.notion.com/p/July-26-2c90423c142680d393b7f6a4171c0151?pvs=21),🤷‍♂️เงิน DF_JUL26 (https://app.notion.com/p/DF_JUL26-2c90423c142680398e52daac141b9295?pvs=21)
"July 20, 2026",เวรเหมา 1หมื่น,On duty,"THB 10,000.00","THB 10,000.00",Yes,June 26 (https://app.notion.com/p/June-26-2c90423c14268068b18cda2e38aaa9d1?pvs=21),👝เงินเวรเหมา_JUN26 (https://app.notion.com/p/_JUN26-2c90423c14268083ac7ed8c2f4d955e4?pvs=21)
"July 21, 2026",สมุดตรวจสุขภาพ,On duty,THB 100.00,,No,July 26 (https://app.notion.com/p/July-26-2c90423c142680d393b7f6a4171c0151?pvs=21),🤷‍♂️เงิน DF_JUL26 (https://app.notion.com/p/DF_JUL26-2c90423c142680398e52daac141b9295?pvs=21)
"July 24, 2026",สมุดตรวจสุขภาพ,On duty,THB 90.00,,No,July 26 (https://app.notion.com/p/July-26-2c90423c142680d393b7f6a4171c0151?pvs=21),🤷‍♂️เงิน DF_JUL26 (https://app.notion.com/p/DF_JUL26-2c90423c142680398e52daac141b9295?pvs=21)
"July 26, 2026",เงิน พตส.,Salary,"THB 10,000.00","THB 4,750.00",Yes,July 26 (https://app.notion.com/p/July-26-2c90423c142680d393b7f6a4171c0151?pvs=21),👝เงินเวรเหมา_JUL26 (https://app.notion.com/p/_JUL26-2c90423c142680f1a87af2e964db85e9?pvs=21)
"July 26, 2026",เงินเดือน + เงินประจำตำแหน่ง,Salary,"THB 27,720.00","THB 27,720.00",Yes,July 26 (https://app.notion.com/p/July-26-2c90423c142680d393b7f6a4171c0151?pvs=21),🏧เงินเดือนจาก สสจ._JUL26 (https://app.notion.com/p/_JUL26-2c90423c14268061a334e6bf38bfcd4c?pvs=21)
"August 10, 2026",เงินส่งเสริมพิเศษ,On duty,"THB 5,000.00",,No,July 26 (https://app.notion.com/p/July-26-2c90423c142680d393b7f6a4171c0151?pvs=21),👝เงินเวรเหมา_JUL26 (https://app.notion.com/p/_JUL26-2c90423c142680f1a87af2e964db85e9?pvs=21)
"August 10, 2026",เงินหมื่น ไม่ทำเวชฯ,On duty,"THB 10,000.00",,No,July 26 (https://app.notion.com/p/July-26-2c90423c142680d393b7f6a4171c0151?pvs=21),👝เงินเวรเหมา_JUL26 (https://app.notion.com/p/_JUL26-2c90423c142680f1a87af2e964db85e9?pvs=21)
"August 11, 2026",สมุดตรวจสุขภาพ,On duty,THB 210.00,,No,August 26 (https://app.notion.com/p/August-26-2c90423c142680fba880e8c43ce32ecb?pvs=21),🤷‍♂️เงิน DF_AUG26 (https://app.notion.com/p/DF_AUG26-2c90423c1426809bb5a3d6d97a1597aa?pvs=21)
"August 26, 2026",P4P,Salary,"THB 9,069.75","THB 8,366.75",Yes,July 26 (https://app.notion.com/p/July-26-2c90423c142680d393b7f6a4171c0151?pvs=21),👝เงินเวรเหมา_JUL26 (https://app.notion.com/p/_JUL26-2c90423c142680f1a87af2e964db85e9?pvs=21)
"August 26, 2026",เงินเดือน,Salary,"THB 24,220.00","THB 24,220.00",Yes,August 26 (https://app.notion.com/p/August-26-2c90423c142680fba880e8c43ce32ecb?pvs=21),🏧เงินเดือนจาก สสจ._AUG26 (https://app.notion.com/p/_AUG26-2c90423c14268041beb7d4dc0f1cdf06?pvs=21)
"August 26, 2026",เงินประจำตำแหน่ง,Salary,"THB 3,500.00","THB 3,500.00",Yes,August 26 (https://app.notion.com/p/August-26-2c90423c142680fba880e8c43ce32ecb?pvs=21),🏧เงินเดือนจาก สสจ._AUG26 (https://app.notion.com/p/_AUG26-2c90423c14268041beb7d4dc0f1cdf06?pvs=21)
"August 26, 2026",เงิน พตส.,Salary,"THB 10,000.00","THB 5,000.00",Yes,August 26 (https://app.notion.com/p/August-26-2c90423c142680fba880e8c43ce32ecb?pvs=21),👝เงินเวรเหมา_AUG26 (https://app.notion.com/p/_AUG26-2c90423c14268053b669fd8658195f7e?pvs=21)
"August 27, 2026",สมุดตรวจสุขภาพ,On duty,THB 180.00,,No,August 26 (https://app.notion.com/p/August-26-2c90423c142680fba880e8c43ce32ecb?pvs=21),🤷‍♂️เงิน DF_AUG26 (https://app.notion.com/p/DF_AUG26-2c90423c1426809bb5a3d6d97a1597aa?pvs=21)
"September 1, 2026",ค่าเวร opd นอก,On duty,"THB 1,150.00",,No,September 26 (https://app.notion.com/p/September-26-2c90423c14268048a101f40e9525c9f2?pvs=21),🤷‍♂️เงิน DF_SEP26 (https://app.notion.com/p/DF_SEP26-2c90423c14268054b3fff898e4d6f807?pvs=21)
"September 2, 2026",สมุดตรวจสุขภาพ,On duty,THB 250.00,,No,September 26 (https://app.notion.com/p/September-26-2c90423c14268048a101f40e9525c9f2?pvs=21),🤷‍♂️เงิน DF_SEP26 (https://app.notion.com/p/DF_SEP26-2c90423c14268054b3fff898e4d6f807?pvs=21)
"September 7, 2026",สมุดตรวจสุขภาพ,On duty,THB 100.00,,No,September 26 (https://app.notion.com/p/September-26-2c90423c14268048a101f40e9525c9f2?pvs=21),🤷‍♂️เงิน DF_SEP26 (https://app.notion.com/p/DF_SEP26-2c90423c14268054b3fff898e4d6f807?pvs=21)
"September 8, 2026",สมุดตรวจสุขภาพ,On duty,THB 200.00,,No,September 26 (https://app.notion.com/p/September-26-2c90423c14268048a101f40e9525c9f2?pvs=21),🤷‍♂️เงิน DF_SEP26 (https://app.notion.com/p/DF_SEP26-2c90423c14268054b3fff898e4d6f807?pvs=21)
"September 8, 2026",ค่าเวร,On duty,THB 600.00,,No,September 26 (https://app.notion.com/p/September-26-2c90423c14268048a101f40e9525c9f2?pvs=21),🤷‍♂️เงิน DF_SEP26 (https://app.notion.com/p/DF_SEP26-2c90423c14268054b3fff898e4d6f807?pvs=21)
"September 10, 2026",สมุดตรวจสุขภาพ,On duty,THB 160.00,,No,September 26 (https://app.notion.com/p/September-26-2c90423c14268048a101f40e9525c9f2?pvs=21),🤷‍♂️เงิน DF_SEP26 (https://app.notion.com/p/DF_SEP26-2c90423c14268054b3fff898e4d6f807?pvs=21)
"September 10, 2026",เงินหมื่น ไม่ทำเวชฯ,On duty,"THB 10,000.00",,No,August 26 (https://app.notion.com/p/August-26-2c90423c142680fba880e8c43ce32ecb?pvs=21),👝เงินเวรเหมา_AUG26 (https://app.notion.com/p/_AUG26-2c90423c14268053b669fd8658195f7e?pvs=21)
"September 10, 2026",เงินส่งเสริมพิเศษ,On duty,"THB 5,000.00",,No,August 26 (https://app.notion.com/p/August-26-2c90423c142680fba880e8c43ce32ecb?pvs=21),👝เงินเวรเหมา_AUG26 (https://app.notion.com/p/_AUG26-2c90423c14268053b669fd8658195f7e?pvs=21)
"September 14, 2026",ค่าเวร,On duty,THB 800.00,,No,September 26 (https://app.notion.com/p/September-26-2c90423c14268048a101f40e9525c9f2?pvs=21),🤷‍♂️เงิน DF_SEP26 (https://app.notion.com/p/DF_SEP26-2c90423c14268054b3fff898e4d6f807?pvs=21)
"September 14, 2026",ซื้อเวรโอนอก,On duty,"THB 1,000.00",,No,September 26 (https://app.notion.com/p/September-26-2c90423c14268048a101f40e9525c9f2?pvs=21),👍🏼เงิน top up_SEP26 (https://app.notion.com/p/top-up_SEP26-2c90423c14268081ada3f41ec06d6e90?pvs=21)