Day,Date,Invested,Rollup,Share price,Shares,Stock,THB invested,Text,USDTHB,📕 Monthly Overview
"@24/06/2024 ","June 24, 2024",$271.44,32.37,$53.15,5.1070555,O (https://app.notion.com/p/O-dc17975a670845d18f02f521bad1dfa4?pvs=21),8786.5128,THB,USDTHB (https://app.notion.com/p/USDTHB-d9ba323776214129a9972c7e9b5c0a3a?pvs=21),June 24 (https://app.notion.com/p/June-24-f0a893fb46524332a4cc44e0f7215b9f?pvs=21)
"@July 1, 2024 ","July 1, 2024",$542.29,32.37,$55.13,9.8374603,JEPQ (https://app.notion.com/p/JEPQ-0a148f37877549debeefa8fe04e5ca50?pvs=21),17553.9273,THB,USDTHB (https://app.notion.com/p/USDTHB-d9ba323776214129a9972c7e9b5c0a3a?pvs=21),July 24 (https://app.notion.com/p/July-24-f8bc5305397e49e194ac2b0f1fc1ddd9?pvs=21)
"@July 17, 2024 ","July 17, 2024",$277.76,32.37,$57.57,4.8250039,O (https://app.notion.com/p/O-dc17975a670845d18f02f521bad1dfa4?pvs=21),8991.0912,THB,USDTHB (https://app.notion.com/p/USDTHB-d9ba323776214129a9972c7e9b5c0a3a?pvs=21),July 24 (https://app.notion.com/p/July-24-f8bc5305397e49e194ac2b0f1fc1ddd9?pvs=21)
"@July 31, 2024 ","July 31, 2024",$280.11,32.37,$416.49,0.6725491,MSFT (https://app.notion.com/p/MSFT-9a7b45c62ad54447b99d1ed7ffdcb485?pvs=21),9067.1607,THB,USDTHB (https://app.notion.com/p/USDTHB-d9ba323776214129a9972c7e9b5c0a3a?pvs=21),July 24 (https://app.notion.com/p/July-24-f8bc5305397e49e194ac2b0f1fc1ddd9?pvs=21)
"@August 19, 2024 ","August 20, 2024",$293.72,32.37,$53.49,5.4911198,JEPQ (https://app.notion.com/p/JEPQ-0a148f37877549debeefa8fe04e5ca50?pvs=21),9507.7164,THB,USDTHB (https://app.notion.com/p/USDTHB-d9ba323776214129a9972c7e9b5c0a3a?pvs=21),August 24 (https://app.notion.com/p/August-24-e7a234e3dd654ea6abe42c7c1413082e?pvs=21)
"@November 1, 2024 ","November 1, 2024",$325.68,32.37,$54.28,6,JEPQ (https://app.notion.com/p/JEPQ-0a148f37877549debeefa8fe04e5ca50?pvs=21),10542.2616,FCD,USDTHB (https://app.notion.com/p/USDTHB-d9ba323776214129a9972c7e9b5c0a3a?pvs=21),November 24 (https://app.notion.com/p/November-24-7790540498364ce4ac20fa0ec6bea9f7?pvs=21)
"@December 18, 2024 ","December 18, 2024",$200.00,32.37,$54.49,3.6706829,O (https://app.notion.com/p/O-dc17975a670845d18f02f521bad1dfa4?pvs=21),6474,USD,USDTHB (https://app.notion.com/p/USDTHB-d9ba323776214129a9972c7e9b5c0a3a?pvs=21),December 24 (https://app.notion.com/p/December-24-465535b269844a8a855716fee9f5d2b3?pvs=21)
"@November 6, 2024 ","January 5, 2025",$339.00,32.37,$56.50,6,O (https://app.notion.com/p/O-dc17975a670845d18f02f521bad1dfa4?pvs=21),10973.43,FCD,USDTHB (https://app.notion.com/p/USDTHB-d9ba323776214129a9972c7e9b5c0a3a?pvs=21),November 24 (https://app.notion.com/p/November-24-7790540498364ce4ac20fa0ec6bea9f7?pvs=21)
"@January 8, 2025 ","January 8, 2025",$260.67,32.37,$52.35,4.9793696,O (https://app.notion.com/p/O-dc17975a670845d18f02f521bad1dfa4?pvs=21),8437.8879,USD,USDTHB (https://app.notion.com/p/USDTHB-d9ba323776214129a9972c7e9b5c0a3a?pvs=21),January 25 (https://app.notion.com/p/January-25-1680423c14268084a95dcad7ce162788?pvs=21)
"@January 29, 2025 ","January 30, 2025",$590.14,32.37,$124.49,4.7405819,NVDA (https://app.notion.com/p/NVDA-18b0423c14268043977ac6baec35a91d?pvs=21),19102.8318,THB,USDTHB (https://app.notion.com/p/USDTHB-d9ba323776214129a9972c7e9b5c0a3a?pvs=21),January 25 (https://app.notion.com/p/January-25-1680423c14268084a95dcad7ce162788?pvs=21)
"@March 4, 2025 ","March 4, 2025",$590.84,32.37,$53.96,10.9495922,JEPQ (https://app.notion.com/p/JEPQ-0a148f37877549debeefa8fe04e5ca50?pvs=21),19125.4908,THB,USDTHB (https://app.notion.com/p/USDTHB-d9ba323776214129a9972c7e9b5c0a3a?pvs=21),March 25 (https://app.notion.com/p/March-25-1680423c142680a78829f3b78eb4898d?pvs=21)
"@April 3, 2025 ","April 3, 2025",$292.05,32.37,$49.93,5.8495039,JEPQ (https://app.notion.com/p/JEPQ-0a148f37877549debeefa8fe04e5ca50?pvs=21),9453.6585,THB,USDTHB (https://app.notion.com/p/USDTHB-d9ba323776214129a9972c7e9b5c0a3a?pvs=21),April 25 (https://app.notion.com/p/April-25-1680423c14268091aa72fc1dd291be31?pvs=21)
"@May 5, 2025 ","May 5, 2025","$1,568.12",32.37,$51.52,30.4399689,JEPQ (https://app.notion.com/p/JEPQ-0a148f37877549debeefa8fe04e5ca50?pvs=21),50760.0444,THB + ปันผล,USDTHB (https://app.notion.com/p/USDTHB-d9ba323776214129a9972c7e9b5c0a3a?pvs=21),May 25 (https://app.notion.com/p/May-25-1680423c1426802f9076cb993db7d3f9?pvs=21)
"@July 16, 2025 ","September 14, 2025",$101.00,32.37,$54.55,1.8515123,JEPQ (https://app.notion.com/p/JEPQ-0a148f37877549debeefa8fe04e5ca50?pvs=21),3269.37,ปันผล,USDTHB (https://app.notion.com/p/USDTHB-d9ba323776214129a9972c7e9b5c0a3a?pvs=21),July 25 (https://app.notion.com/p/July-25-1680423c142680bf957adb6994892d03?pvs=21)
"@September 15, 2025 ","September 16, 2025",$628.53,32.37,$56.66,11.0930109,NVO (https://app.notion.com/p/NVO-2700423c142680b89cc7cd56ce4a0fcc?pvs=21),20345.5161,THB,USDTHB (https://app.notion.com/p/USDTHB-d9ba323776214129a9972c7e9b5c0a3a?pvs=21),September 25 (https://app.notion.com/p/September-25-1680423c142680febd5ad64882b3e363?pvs=21)
"@September 24, 2025 ","September 25, 2025",$900.00,32.37,$57.09,15.765963,JEPQ (https://app.notion.com/p/JEPQ-0a148f37877549debeefa8fe04e5ca50?pvs=21),29133,FCD,USDTHB (https://app.notion.com/p/USDTHB-d9ba323776214129a9972c7e9b5c0a3a?pvs=21),September 25 (https://app.notion.com/p/September-25-1680423c142680febd5ad64882b3e363?pvs=21)
"@October 15, 2025 ","October 15, 2025",$611.80,32.37,$180.32,3.3928571,NVDA (https://app.notion.com/p/NVDA-18b0423c14268043977ac6baec35a91d?pvs=21),19803.966,THB,USDTHB (https://app.notion.com/p/USDTHB-d9ba323776214129a9972c7e9b5c0a3a?pvs=21),October 25 (https://app.notion.com/p/October-25-1680423c1426801db108da5af9c1f261?pvs=21)
"@October 15, 2025 ","October 15, 2025",$103.68,32.37,$57.36,1.8075944,JEPQ (https://app.notion.com/p/JEPQ-0a148f37877549debeefa8fe04e5ca50?pvs=21),3356.1216,ปันผล,USDTHB (https://app.notion.com/p/USDTHB-d9ba323776214129a9972c7e9b5c0a3a?pvs=21),October 25 (https://app.notion.com/p/October-25-1680423c1426801db108da5af9c1f261?pvs=21)
"@January 13, 2026 ","January 15, 2026",$131.89,32.37,$258.24,0.5107264,QQQM (https://app.notion.com/p/QQQM-2e90423c142680259e67ca55b5be33e3?pvs=21),4269.2793,ปันผล,USDTHB (https://app.notion.com/p/USDTHB-d9ba323776214129a9972c7e9b5c0a3a?pvs=21),January 26 (https://app.notion.com/p/January-26-2c90423c142680648023f35f261f33f3?pvs=21)
"@February 4, 2026 ","May 31, 2026",$314.96,32.37,$48.10,6.5480249,NVO (https://app.notion.com/p/NVO-2700423c142680b89cc7cd56ce4a0fcc?pvs=21),10195.2552,THB,USDTHB (https://app.notion.com/p/USDTHB-d9ba323776214129a9972c7e9b5c0a3a?pvs=21),February 26 (https://app.notion.com/p/February-26-2c90423c142680cbb553dba809feb098?pvs=21)
"@June 12, 2026 ","June 12, 2026",$246.06,32.37,$205.68,1.1963011,NVDA (https://app.notion.com/p/NVDA-18b0423c14268043977ac6baec35a91d?pvs=21),7964.9622,ปันผล,USDTHB (https://app.notion.com/p/USDTHB-d9ba323776214129a9972c7e9b5c0a3a?pvs=21),June 26 (https://app.notion.com/p/June-26-2c90423c14268068b18cda2e38aaa9d1?pvs=21)